id;title;description;thumbnail;thumbnail_content_type
1;New Taiwan Dollar connecting Fiji Dollar;../fake-data/blob/hipster.txt;../fake-data/blob/hipster.png;image/png
2;seize;../fake-data/blob/hipster.txt;../fake-data/blob/hipster.png;image/png
3;infomediaries holistic;../fake-data/blob/hipster.txt;../fake-data/blob/hipster.png;image/png
4;Intelligent;../fake-data/blob/hipster.txt;../fake-data/blob/hipster.png;image/png
5;embrace;../fake-data/blob/hipster.txt;../fake-data/blob/hipster.png;image/png
6;open-source;../fake-data/blob/hipster.txt;../fake-data/blob/hipster.png;image/png
7;protocol;../fake-data/blob/hipster.txt;../fake-data/blob/hipster.png;image/png
8;Sausages;../fake-data/blob/hipster.txt;../fake-data/blob/hipster.png;image/png
9;niches Facilitator navigate;../fake-data/blob/hipster.txt;../fake-data/blob/hipster.png;image/png
10;array Executive Configuration;../fake-data/blob/hipster.txt;../fake-data/blob/hipster.png;image/png
